Examiner_ID,Pair_ID,Mating,Latent_Value,Compare_Value,Inconclusive_Reason,Exclusion_Reason,Difficulty,conclusive,ex_id,q_id
A3055,N102438,Non-mates,VID,Exclusion,NA,Minutiae,C_Medium,1,82,23
A2079,N102438,Non-mates,VID,Exclusion,NA,Minutiae,B_Easy,1,59,23
A3091,N102438,Non-mates,VID,Exclusion,NA,Minutiae,C_Medium,1,84,23
A0151,N102438,Non-mates,VID,Exclusion,NA,Minutiae,C_Medium,1,7,23
A0194,N102438,Non-mates,VID,Exclusion,NA,Minutiae,C_Medium,1,10,23
A1260,N102438,Non-mates,VID,Exclusion,NA,Minutiae,B_Easy,1,39,23
A0284,N102438,Non-mates,VID,Exclusion,NA,Minutiae,D_Difficult,1,14,23
A1314,N102438,Non-mates,VID,Exclusion,NA,Minutiae,B_Easy,1,40,23
A2342,N102438,Non-mates,VID,Exclusion,NA,Minutiae,C_Medium,1,72,23
A0437,N102438,Non-mates,VID,Exclusion,NA,Minutiae,B_Easy,1,21,23
A4443,N102438,Non-mates,VID,Exclusion,NA,Minutiae,C_Medium,1,123,23
A4459,N102438,Non-mates,VID,Exclusion,NA,Minutiae,C_Medium,1,124,23
A6490,N102438,Non-mates,VID,Exclusion,NA,Minutiae,C_Medium,1,169,23
A2002,N102438,Non-mates,VID,Exclusion,NA,Minutiae,B_Easy,1,54,23
A2009,N102438,Non-mates,VID,Exclusion,NA,Minutiae,D_Difficult,1,55,23
A3021,N102438,Non-mates,VID,Inconclusive,Close,NA,D_Difficult,0,80,23
A4029,N102438,Non-mates,VID,Exclusion,NA,Minutiae,D_Difficult,1,101,23
A2036,N102438,Non-mates,VID,Exclusion,NA,Minutiae,B_Easy,1,57,23
A5041,N102438,Non-mates,VID,Exclusion,NA,Minutiae,C_Medium,1,127,23
A6051,N102438,Non-mates,VID,Exclusion,NA,Minutiae,B_Easy,1,152,23
A2063,N102438,Non-mates,VID,Exclusion,NA,Minutiae,B_Easy,1,58,23
A1071,N102438,Non-mates,VID,Exclusion,NA,Minutiae,A_Obvious,1,28,23
A3073,N102438,Non-mates,VID,Exclusion,NA,Minutiae,C_Medium,1,83,23
A2090,N102438,Non-mates,VID,Exclusion,NA,Minutiae,A_Obvious,1,61,23
A4099,N102438,Non-mates,VID,Exclusion,NA,Minutiae,C_Medium,1,104,23
A1107,N102438,Non-mates,VID,Inconclusive,Overlap,NA,E_VeryDifficult,0,30,23
A5131,N102438,Non-mates,VID,Exclusion,NA,Minutiae,C_Medium,1,133,23
A4137,N102438,Non-mates,VID,Exclusion,NA,Minutiae,C_Medium,1,107,23
A6141,N102438,Non-mates,VID,Exclusion,NA,Minutiae,B_Easy,1,154,23
A3145,N102438,Non-mates,VID,Exclusion,NA,Minutiae,B_Easy,1,88,23
A5147,N102438,Non-mates,VEO,Inconclusive,Insufficient,NA,C_Medium,0,134,23
A6166,N102438,Non-mates,VID,Exclusion,NA,Minutiae,A_Obvious,1,156,23
A1177,N102438,Non-mates,VID,Exclusion,NA,Minutiae,C_Medium,1,35,23
A2178,N102438,Non-mates,VID,Exclusion,NA,Minutiae,B_Easy,1,65,23
A5221,N102438,Non-mates,VID,Exclusion,NA,Minutiae,C_Medium,1,138,23
A4227,N102438,Non-mates,VID,Exclusion,NA,Pattern,B_Easy,1,112,23
A2243,N102438,Non-mates,VID,Exclusion,NA,Minutiae,B_Easy,1,68,23
A2268,N102438,Non-mates,VID,Exclusion,NA,Minutiae,B_Easy,1,70,23
A6328,N102438,Non-mates,VID,Exclusion,NA,Minutiae,C_Medium,1,161,23
A1339,N102438,Non-mates,VID,Exclusion,NA,Minutiae,B_Easy,1,43,23
A6355,N102438,Non-mates,VID,Exclusion,NA,Minutiae,C_Medium,1,162,23
A0356,N102438,Non-mates,VID,Exclusion,NA,Minutiae,C_Medium,1,16,23
A1422,N102438,Non-mates,VID,Exclusion,NA,Minutiae,B_Easy,1,50,23
A0473,N102438,Non-mates,VID,Exclusion,NA,Minutiae,C_Medium,1,22,23
A5478,N102438,Non-mates,VID,Exclusion,NA,Minutiae,B_Easy,1,149,23
A3494,N102438,Non-mates,VID,Exclusion,NA,Minutiae,A_Obvious,1,100,23
A1125,N339344,Non-mates,VEO,Inconclusive,Overlap,NA,C_Medium,0,31,40
A4128,N339344,Non-mates,VID,Exclusion,NA,Minutiae,C_Medium,1,106,40
A0176,N339344,Non-mates,VID,Exclusion,NA,Minutiae,B_Easy,1,8,40
A1260,N339344,Non-mates,VID,Exclusion,NA,Minutiae,C_Medium,1,39,40
A0437,N339344,Non-mates,VID,Exclusion,NA,Minutiae,C_Medium,1,21,40
A4459,N339344,Non-mates,VEO,Exclusion,NA,Minutiae,D_Difficult,1,124,40
A5480,N339344,Non-mates,VEO,Inconclusive,Insufficient,NA,D_Difficult,0,150,40
A3019,N339344,Non-mates,VEO,Exclusion,NA,Minutiae,B_Easy,1,79,40
A0043,N339344,Non-mates,VID,Exclusion,NA,Minutiae,B_Easy,1,2,40
A3046,N339344,Non-mates,VID,Exclusion,NA,Minutiae,B_Easy,1,81,40
A1143,N339344,Non-mates,VID,Exclusion,NA,Minutiae,C_Medium,1,32,40
A4164,N339344,Non-mates,VID,Exclusion,NA,Minutiae,D_Difficult,1,108,40
A4182,N339344,Non-mates,VEO,Exclusion,NA,Minutiae,C_Medium,1,109,40
A0205,N339344,Non-mates,VID,Exclusion,NA,Minutiae,E_VeryDifficult,1,11,40
A0241,N339344,Non-mates,VID,Inconclusive,Overlap,NA,D_Difficult,0,13,40
A6247,N339344,Non-mates,VID,Exclusion,NA,Minutiae,C_Medium,1,158,40
A0293,N339344,Non-mates,NV,NA,NA,NA,NA,0,15,40
A6312,N339344,Non-mates,VID,Exclusion,NA,Minutiae,D_Difficult,1,160,40
A2358,N339344,Non-mates,VID,Exclusion,NA,Pattern,C_Medium,1,74,40
A3406,N339344,Non-mates,VID,Exclusion,NA,Minutiae,C_Medium,1,94,40
A0419,N339344,Non-mates,VEO,Exclusion,NA,Minutiae,D_Difficult,1,19,40
A3460,N339344,Non-mates,VEO,Inconclusive,Overlap,NA,D_Difficult,0,97,40
A4461,N339344,Non-mates,VID,Exclusion,NA,Minutiae,C_Medium,1,125,40
A3127,M319309,Mates,NV,NA,NA,NA,NA,0,87,19
A2135,M319309,Mates,VEO,Inconclusive,Overlap,NA,D_Difficult,0,64,19
A4236,M319309,Mates,VEO,Inconclusive,Overlap,NA,C_Medium,0,113,19
A2342,M319309,Mates,VID,Inconclusive,Insufficient,NA,D_Difficult,0,72,19
A0383,M319309,Mates,NV,NA,NA,NA,NA,0,17,19
A5417,M319309,Mates,NV,NA,NA,NA,NA,0,146,19
A1438,M319309,Mates,NV,NA,NA,NA,NA,0,51,19
A1035,M319309,Mates,NV,NA,NA,NA,NA,0,25,19
A2063,M319309,Mates,NV,NA,NA,NA,NA,0,58,19
A6114,M319309,Mates,NV,NA,NA,NA,NA,0,153,19
A5147,M319309,Mates,NV,NA,NA,NA,NA,0,134,19
A4218,M319309,Mates,NV,NA,NA,NA,NA,0,111,19
A2268,M319309,Mates,NV,NA,NA,NA,NA,0,70,19
A3406,M319309,Mates,VID,Exclusion,NA,Minutiae,C_Medium,1,94,19
A0473,M319309,Mates,NV,NA,NA,NA,NA,0,22,19
A3485,M319309,Mates,VEO,Inconclusive,Insufficient,NA,C_Medium,0,99,19
A3172,N245381,Non-mates,VID,Exclusion,NA,Minutiae,E_VeryDifficult,1,89,30
A0284,N245381,Non-mates,VID,Exclusion,NA,Minutiae,D_Difficult,1,14,30
A1350,N245381,Non-mates,VID,Exclusion,NA,Minutiae,C_Medium,1,45,30
A5410,N245381,Non-mates,VID,Exclusion,NA,Minutiae,D_Difficult,1,145,30
A0437,N245381,Non-mates,VID,Exclusion,NA,Minutiae,C_Medium,1,21,30
A2450,N245381,Non-mates,VID,Inconclusive,Overlap,NA,C_Medium,0,77,30
A5480,N245381,Non-mates,VID,Exclusion,NA,Minutiae,B_Easy,1,150,30
A4056,N248397,Non-mates,VEO,Exclusion,NA,Minutiae,C_Medium,1,102,32
A4236,N248397,Non-mates,VID,Exclusion,NA,Minutiae,C_Medium,1,113,32
A4317,N248397,Non-mates,VEO,Inconclusive,Overlap,NA,C_Medium,0,117,32
A1341,N248397,Non-mates,VID,Exclusion,NA,Minutiae,C_Medium,1,44,32
A6389,N248397,Non-mates,VID,Exclusion,NA,Pattern,D_Difficult,1,164,32
A3415,N248397,Non-mates,VEO,Inconclusive,Overlap,NA,C_Medium,0,95,32
A2450,N248397,Non-mates,VID,Exclusion,NA,Minutiae,C_Medium,1,77,32
A2002,N248397,Non-mates,VID,Exclusion,NA,Minutiae,C_Medium,1,54,32
A6051,N248397,Non-mates,VID,Exclusion,NA,Minutiae,A_Obvious,1,152,32
A1071,N248397,Non-mates,VID,Exclusion,NA,Minutiae,B_Easy,1,28,32
A4099,N248397,Non-mates,VID,Exclusion,NA,Minutiae,C_Medium,1,104,32
A5131,N248397,Non-mates,VEO,Exclusion,NA,Minutiae,D_Difficult,1,133,32
A4137,N248397,Non-mates,VID,Exclusion,NA,Minutiae,D_Difficult,1,107,32
A6141,N248397,Non-mates,VID,Exclusion,NA,Minutiae,C_Medium,1,154,32
A3145,N248397,Non-mates,VID,Exclusion,NA,Minutiae,C_Medium,1,88,32
A5147,N248397,Non-mates,VEO,Inconclusive,Close,NA,C_Medium,0,134,32
A6166,N248397,Non-mates,VID,Exclusion,NA,Minutiae,B_Easy,1,156,32
A1177,N248397,Non-mates,VID,Exclusion,NA,Minutiae,C_Medium,1,35,32
A4227,N248397,Non-mates,VEO,Exclusion,NA,Pattern,C_Medium,1,112,32
A6355,N248397,Non-mates,VID,Exclusion,NA,Minutiae,C_Medium,1,162,32
A1422,N248397,Non-mates,VID,Exclusion,NA,Minutiae,B_Easy,1,50,32
A3494,N248397,Non-mates,VID,Exclusion,NA,Minutiae,B_Easy,1,100,32
A1125,M174158,Mates,NV,NA,NA,NA,NA,0,31,12
A2135,M174158,Mates,VEO,Inconclusive,Overlap,NA,C_Medium,0,64,12
A1260,M174158,Mates,VEO,Inconclusive,Overlap,NA,C_Medium,0,39,12
A0284,M174158,Mates,VEO,Inconclusive,Insufficient,NA,D_Difficult,0,14,12
A5309,M174158,Mates,VEO,Inconclusive,Insufficient,NA,C_Medium,0,140,12
A1314,M174158,Mates,NV,NA,NA,NA,NA,0,40,12
A1332,M174158,Mates,VEO,Inconclusive,Overlap,NA,C_Medium,0,42,12
A0383,M174158,Mates,VEO,Inconclusive,Overlap,NA,C_Medium,0,17,12
A5417,M174158,Mates,NV,NA,NA,NA,NA,0,146,12
A4443,M174158,Mates,VEO,Inconclusive,Overlap,NA,C_Medium,0,123,12
A5480,M174158,Mates,NV,NA,NA,NA,NA,0,150,12
A1008,M174158,Mates,VEO,Inconclusive,Overlap,NA,D_Difficult,0,24,12
A3019,M174158,Mates,VEO,Inconclusive,Insufficient,NA,C_Medium,0,79,12
A0043,M174158,Mates,VEO,Inconclusive,Insufficient,NA,B_Easy,0,2,12
A5084,M174158,Mates,VEO,Exclusion,NA,Minutiae,D_Difficult,1,129,12
A6114,M174158,Mates,NV,NA,NA,NA,NA,0,153,12
A1143,M174158,Mates,VEO,Inconclusive,Overlap,NA,C_Medium,0,32,12
A3179,M174158,Mates,VEO,Inconclusive,Insufficient,NA,B_Easy,0,90,12
A4198,M174158,Mates,VEO,Inconclusive,Overlap,NA,C_Medium,0,110,12
A5219,M174158,Mates,VEO,Individualization,NA,NA,C_Medium,1,137,12
A6247,M174158,Mates,NV,NA,NA,NA,NA,0,158,12
A4281,M174158,Mates,NV,NA,NA,NA,NA,0,115,12
A5289,M174158,Mates,VID,Inconclusive,Overlap,NA,C_Medium,0,139,12
A4362,M174158,Mates,VEO,Inconclusive,Overlap,NA,B_Easy,0,118,12
A1404,M174158,Mates,NV,NA,NA,NA,NA,0,48,12
A3406,M174158,Mates,VID,Individualization,NA,NA,D_Difficult,1,94,12
A6409,M174158,Mates,VEO,Exclusion,NA,Pattern,C_Medium,1,165,12
A6411,M174158,Mates,VEO,Inconclusive,Overlap,NA,B_Easy,0,166,12
A1447,M174158,Mates,VEO,Inconclusive,Overlap,NA,C_Medium,0,53,12
A3460,M174158,Mates,VEO,Inconclusive,Insufficient,NA,D_Difficult,0,97,12
A3476,M174158,Mates,VID,Inconclusive,Overlap,NA,C_Medium,0,98,12
A3055,M168164,Mates,VID,Inconclusive,Overlap,NA,D_Difficult,0,82,11
A0176,M168164,Mates,VID,Individualization,NA,NA,E_VeryDifficult,1,8,11
A0194,M168164,Mates,VEO,Inconclusive,Overlap,NA,C_Medium,0,10,11
A1260,M168164,Mates,VID,Exclusion,NA,Minutiae,D_Difficult,1,39,11
A0284,M168164,Mates,VID,Inconclusive,Close,NA,D_Difficult,0,14,11
A5309,M168164,Mates,VID,Inconclusive,Close,NA,C_Medium,0,140,11
A6006,M168164,Mates,VID,Inconclusive,Close,NA,D_Difficult,0,151,11
A2020,M168164,Mates,VID,Inconclusive,Close,NA,A_Obvious,0,56,11
A3021,M168164,Mates,VID,Inconclusive,Overlap,NA,D_Difficult,0,80,11
A4029,M168164,Mates,VID,Inconclusive,Close,NA,C_Medium,0,101,11
A0115,M168164,Mates,VEO,Inconclusive,Overlap,NA,C_Medium,0,5,11
A6141,M168164,Mates,VID,Exclusion,NA,Minutiae,D_Difficult,1,154,11
A5147,M168164,Mates,VID,Inconclusive,Insufficient,NA,C_Medium,0,134,11
A2178,M168164,Mates,VID,Inconclusive,Close,NA,C_Medium,0,65,11
A5212,M168164,Mates,VID,Exclusion,NA,Minutiae,D_Difficult,1,136,11
A4227,M168164,Mates,VID,Inconclusive,Overlap,NA,B_Easy,0,112,11
A0232,M168164,Mates,VID,Exclusion,NA,Minutiae,B_Easy,1,12,11
A4263,M168164,Mates,VID,Inconclusive,Insufficient,NA,D_Difficult,0,114,11
A6328,M168164,Mates,VID,Inconclusive,Close,NA,D_Difficult,0,161,11
A2351,M168164,Mates,VID,Inconclusive,Overlap,NA,D_Difficult,0,73,11
A6355,M168164,Mates,VID,Inconclusive,Close,NA,D_Difficult,0,162,11
A0356,M168164,Mates,VID,Inconclusive,Insufficient,NA,D_Difficult,0,16,11
A5363,M168164,Mates,VID,Inconclusive,Close,NA,C_Medium,0,144,11
A4387,M168164,Mates,VID,Individualization,NA,NA,A_Obvious,1,120,11
A1440,M168164,Mates,VID,Inconclusive,Insufficient,NA,C_Medium,0,52,11
A2466,M168164,Mates,VID,Inconclusive,Overlap,NA,C_Medium,0,78,11
A0473,M168164,Mates,VID,Inconclusive,Close,NA,C_Medium,0,22,11
A5478,M168164,Mates,VID,Inconclusive,Insufficient,NA,D_Difficult,0,149,11
A3494,M168164,Mates,VID,Inconclusive,Overlap,NA,D_Difficult,0,100,11
A5104,N298409,Non-mates,VEO,Inconclusive,Overlap,NA,C_Medium,0,130,37
A0176,N298409,Non-mates,VEO,Inconclusive,Close,NA,C_Medium,0,8,37
A0284,N298409,Non-mates,VEO,Inconclusive,Overlap,NA,B_Easy,0,14,37
A4317,N298409,Non-mates,VEO,Inconclusive,Overlap,NA,C_Medium,0,117,37
A5410,N298409,Non-mates,VEO,Inconclusive,Overlap,NA,D_Difficult,0,145,37
A3458,N298409,Non-mates,NV,NA,NA,NA,NA,0,96,37
A5480,N298409,Non-mates,NV,NA,NA,NA,NA,0,150,37
A6490,N298409,Non-mates,NV,NA,NA,NA,NA,0,169,37
A3019,N298409,Non-mates,VEO,Inconclusive,Close,NA,C_Medium,0,79,37
A0043,N298409,Non-mates,VEO,Inconclusive,Overlap,NA,B_Easy,0,2,37
A3046,N298409,Non-mates,VEO,Inconclusive,Overlap,NA,C_Medium,0,81,37
A1143,N298409,Non-mates,VEO,Exclusion,NA,Pattern,D_Difficult,1,32,37
A4164,N298409,Non-mates,NV,NA,NA,NA,NA,0,108,37
A4182,N298409,Non-mates,NV,NA,NA,NA,NA,0,109,37
A0205,N298409,Non-mates,VEO,Inconclusive,Close,NA,D_Difficult,0,11,37
A0241,N298409,Non-mates,VEO,Inconclusive,Overlap,NA,B_Easy,0,13,37
A6247,N298409,Non-mates,NV,NA,NA,NA,NA,0,158,37
A0293,N298409,Non-mates,VEO,Inconclusive,Overlap,NA,C_Medium,0,15,37
A6312,N298409,Non-mates,VEO,Inconclusive,Overlap,NA,C_Medium,0,160,37
A2358,N298409,Non-mates,VEO,Inconclusive,Close,NA,D_Difficult,0,74,37
A3406,N298409,Non-mates,VID,Inconclusive,Close,NA,C_Medium,0,94,37
A0419,N298409,Non-mates,VEO,Inconclusive,Close,NA,C_Medium,0,19,37
A3460,N298409,Non-mates,NV,NA,NA,NA,NA,0,97,37
A4461,N298409,Non-mates,VEO,Inconclusive,Overlap,NA,C_Medium,0,125,37
A1125,N058045,Non-mates,VEO,Inconclusive,Overlap,NA,B_Easy,0,31,21
A2135,N058045,Non-mates,VID,Inconclusive,Insufficient,NA,D_Difficult,0,64,21
A5309,N058045,Non-mates,VID,Exclusion,NA,Minutiae,C_Medium,1,140,21
A1350,N058045,Non-mates,VEO,Exclusion,NA,Minutiae,D_Difficult,1,45,21
A6389,N058045,Non-mates,VID,Inconclusive,Close,NA,D_Difficult,0,164,21
A5410,N058045,Non-mates,VID,Exclusion,NA,Minutiae,B_Easy,1,145,21
A0437,N058045,Non-mates,VEO,Exclusion,NA,Pattern,C_Medium,1,21,21
A2002,N058045,Non-mates,VID,Exclusion,NA,Minutiae,B_Easy,1,54,21
A6051,N058045,Non-mates,VID,Exclusion,NA,Minutiae,B_Easy,1,152,21
A1071,N058045,Non-mates,VID,Exclusion,NA,Minutiae,B_Easy,1,28,21
A4099,N058045,Non-mates,VID,Exclusion,NA,Minutiae,C_Medium,1,104,21
A5131,N058045,Non-mates,VID,Exclusion,NA,Minutiae,C_Medium,1,133,21
A4137,N058045,Non-mates,VID,Exclusion,NA,Minutiae,C_Medium,1,107,21
A6141,N058045,Non-mates,VID,Exclusion,NA,Minutiae,C_Medium,1,154,21
A3145,N058045,Non-mates,VID,Exclusion,NA,Minutiae,C_Medium,1,88,21
A5147,N058045,Non-mates,VEO,Inconclusive,Insufficient,NA,B_Easy,0,134,21
A6166,N058045,Non-mates,VID,Exclusion,NA,Minutiae,B_Easy,1,156,21
A1177,N058045,Non-mates,VID,Exclusion,NA,Minutiae,D_Difficult,1,35,21
A4227,N058045,Non-mates,VEO,Inconclusive,Overlap,NA,D_Difficult,0,112,21
A6355,N058045,Non-mates,VID,Exclusion,NA,Minutiae,B_Easy,1,162,21
A1422,N058045,Non-mates,VID,Exclusion,NA,Minutiae,C_Medium,1,50,21
A3494,N058045,Non-mates,VID,Exclusion,NA,Minutiae,B_Easy,1,100,21
A3055,N248398,Non-mates,VID,Exclusion,NA,Minutiae,D_Difficult,1,82,33
A1125,N248398,Non-mates,VEO,Inconclusive,Overlap,NA,C_Medium,0,31,33
A1260,N248398,Non-mates,VID,Exclusion,NA,Minutiae,C_Medium,1,39,33
A0284,N248398,Non-mates,VID,Exclusion,NA,Minutiae,C_Medium,1,14,33
A0383,N248398,Non-mates,VID,Exclusion,NA,Minutiae,D_Difficult,1,17,33
A4459,N248398,Non-mates,VID,Exclusion,NA,Minutiae,E_VeryDifficult,1,124,33
A2009,N248398,Non-mates,VEO,Inconclusive,Overlap,NA,B_Easy,0,55,33
A3021,N248398,Non-mates,VID,Inconclusive,Overlap,NA,D_Difficult,0,80,33
A4029,N248398,Non-mates,VEO,Exclusion,NA,Minutiae,D_Difficult,1,101,33
A2036,N248398,Non-mates,VEO,Exclusion,NA,Minutiae,D_Difficult,1,57,33
A5041,N248398,Non-mates,VID,Exclusion,NA,Minutiae,D_Difficult,1,127,33
A2063,N248398,Non-mates,VID,Exclusion,NA,Minutiae,C_Medium,1,58,33
A3073,N248398,Non-mates,VID,Exclusion,NA,Minutiae,D_Difficult,1,83,33
A2090,N248398,Non-mates,VID,Exclusion,NA,Minutiae,B_Easy,1,61,33
A1107,N248398,Non-mates,VEO,Inconclusive,Close,NA,E_VeryDifficult,0,30,33
A2178,N248398,Non-mates,VID,Exclusion,NA,Minutiae,C_Medium,1,65,33
A5221,N248398,Non-mates,VEO,Inconclusive,Close,NA,C_Medium,0,138,33
A2243,N248398,Non-mates,VID,Inconclusive,Overlap,NA,D_Difficult,0,68,33
A2268,N248398,Non-mates,VID,Exclusion,NA,Minutiae,C_Medium,1,70,33
A6328,N248398,Non-mates,VID,Exclusion,NA,Minutiae,C_Medium,1,161,33
A1339,N248398,Non-mates,VID,Exclusion,NA,Minutiae,C_Medium,1,43,33
A0356,N248398,Non-mates,VID,Exclusion,NA,Minutiae,C_Medium,1,16,33
A0473,N248398,Non-mates,VID,Exclusion,NA,Minutiae,C_Medium,1,22,33
A5478,N248398,Non-mates,VID,Exclusion,NA,Minutiae,C_Medium,1,149,33
A0061,N248396,Non-mates,VEO,Exclusion,NA,Minutiae,C_Medium,1,4,31
A3172,N248396,Non-mates,VID,Exclusion,NA,Pattern,A_Obvious,1,89,31
A1314,N248396,Non-mates,VID,Exclusion,NA,Minutiae,D_Difficult,1,40,31
A5318,N248396,Non-mates,VID,Exclusion,NA,Minutiae,C_Medium,1,142,31
A1332,N248396,Non-mates,VID,Exclusion,NA,Minutiae,B_Easy,1,42,31
A1350,N248396,Non-mates,VID,Exclusion,NA,Minutiae,C_Medium,1,45,31
A5410,N248396,Non-mates,VID,Exclusion,NA,Minutiae,D_Difficult,1,145,31
A1438,N248396,Non-mates,VID,Exclusion,NA,Minutiae,C_Medium,1,51,31
A4459,N248396,Non-mates,VEO,Exclusion,NA,Minutiae,D_Difficult,1,124,31
A0007,N248396,Non-mates,VEO,Exclusion,NA,Pattern,C_Medium,1,1,31
A1008,N248396,Non-mates,VID,Exclusion,NA,Minutiae,C_Medium,1,24,31
A5014,N248396,Non-mates,VEO,Inconclusive,Insufficient,NA,C_Medium,0,126,31
A1044,N248396,Non-mates,VID,Inconclusive,Overlap,NA,D_Difficult,0,26,31
A5084,N248396,Non-mates,VID,Exclusion,NA,Minutiae,C_Medium,1,129,31
A5113,N248396,Non-mates,VID,Exclusion,NA,Minutiae,D_Difficult,1,131,31
A2126,N248396,Non-mates,VID,Exclusion,NA,Minutiae,B_Easy,1,63,31
A1159,N248396,Non-mates,VID,Exclusion,NA,Minutiae,A_Obvious,1,33,31
A0185,N248396,Non-mates,VEO,Inconclusive,Overlap,NA,C_Medium,0,9,31
A2207,N248396,Non-mates,VEO,Exclusion,NA,Pattern,A_Obvious,1,66,31
A2216,N248396,Non-mates,VID,Exclusion,NA,Minutiae,C_Medium,1,67,31
A5289,N248396,Non-mates,VID,Exclusion,NA,Minutiae,D_Difficult,1,139,31
A5354,N248396,Non-mates,VID,Inconclusive,Overlap,NA,C_Medium,0,143,31
A6409,N248396,Non-mates,VEO,Exclusion,NA,Pattern,C_Medium,1,165,31
A6411,N248396,Non-mates,VID,Exclusion,NA,Minutiae,C_Medium,1,166,31
A1413,N248396,Non-mates,VEO,Inconclusive,Overlap,NA,C_Medium,0,49,31
A0061,M322314,Mates,NV,NA,NA,NA,NA,0,4,20
A3127,M322314,Mates,NV,NA,NA,NA,NA,0,87,20
A4128,M322314,Mates,VID,Inconclusive,Overlap,NA,D_Difficult,0,106,20
A2135,M322314,Mates,VID,Exclusion,NA,Pattern,D_Difficult,1,64,20
A0151,M322314,Mates,VID,Individualization,NA,NA,D_Difficult,1,7,20
A3172,M322314,Mates,VID,Individualization,NA,NA,E_VeryDifficult,1,89,20
A0194,M322314,Mates,NV,NA,NA,NA,NA,0,10,20
A5410,M322314,Mates,VEO,Inconclusive,Overlap,NA,E_VeryDifficult,0,145,20
A5417,M322314,Mates,NV,NA,NA,NA,NA,0,146,20
A1438,M322314,Mates,NV,NA,NA,NA,NA,0,51,20
A4443,M322314,Mates,VID,Inconclusive,Overlap,NA,C_Medium,0,123,20
A3458,M322314,Mates,VID,Individualization,NA,NA,C_Medium,1,96,20
A5480,M322314,Mates,NV,NA,NA,NA,NA,0,150,20
A6490,M322314,Mates,NV,NA,NA,NA,NA,0,169,20
A0007,M322314,Mates,NV,NA,NA,NA,NA,0,1,20
A5041,M322314,Mates,NV,NA,NA,NA,NA,0,127,20
A4065,M322314,Mates,VID,Individualization,NA,NA,E_VeryDifficult,1,103,20
A1107,M322314,Mates,VEO,Inconclusive,Close,NA,D_Difficult,0,30,20
A4164,M322314,Mates,NV,NA,NA,NA,NA,0,108,20
A3208,M322314,Mates,NV,NA,NA,NA,NA,0,91,20
A2259,M322314,Mates,NV,NA,NA,NA,NA,0,69,20
A4362,M322314,Mates,VID,Individualization,NA,NA,D_Difficult,1,118,20
A4387,M322314,Mates,VID,Individualization,NA,NA,B_Easy,1,120,20
A6411,M322314,Mates,VID,Individualization,NA,NA,C_Medium,1,166,20
A3494,M322314,Mates,VID,Individualization,NA,NA,D_Difficult,1,100,20
A3055,N271246,Non-mates,VID,Exclusion,NA,Minutiae,D_Difficult,1,82,34
A4056,N271246,Non-mates,VID,Exclusion,NA,Minutiae,C_Medium,1,102,34
A0061,N271246,Non-mates,VID,Exclusion,NA,Minutiae,C_Medium,1,4,34
A0194,N271246,Non-mates,VID,Exclusion,NA,Pattern,C_Medium,1,10,34
A1314,N271246,Non-mates,VID,Exclusion,NA,Minutiae,D_Difficult,1,40,34
A1323,N271246,Non-mates,VID,Exclusion,NA,Minutiae,C_Medium,1,41,34
A2450,N271246,Non-mates,VID,Exclusion,NA,Minutiae,C_Medium,1,77,34
A1053,N271246,Non-mates,VID,Exclusion,NA,Minutiae,B_Easy,1,27,34
A4065,N271246,Non-mates,VID,Exclusion,NA,Minutiae,C_Medium,1,103,34
A1078,N271246,Non-mates,VID,Exclusion,NA,Minutiae,C_Medium,1,29,34
A6157,N271246,Non-mates,VID,Inconclusive,Close,NA,D_Difficult,0,155,34
A4218,N271246,Non-mates,VID,Exclusion,NA,Minutiae,B_Easy,1,111,34
A5219,N271246,Non-mates,VID,Exclusion,NA,Minutiae,C_Medium,1,137,34
A4281,N271246,Non-mates,VID,Inconclusive,Insufficient,NA,E_VeryDifficult,0,115,34
A5311,N271246,Non-mates,VID,Exclusion,NA,Minutiae,C_Medium,1,141,34
A2367,N271246,Non-mates,VID,Exclusion,NA,Minutiae,C_Medium,1,75,34
A3370,N271246,Non-mates,VID,Inconclusive,Close,NA,C_Medium,0,93,34
A1375,N271246,Non-mates,VEO,Inconclusive,Overlap,NA,D_Difficult,0,46,34
A0403,N271246,Non-mates,VID,Exclusion,NA,Minutiae,C_Medium,1,18,34
A1404,N271246,Non-mates,VID,Exclusion,NA,Minutiae,D_Difficult,1,48,34
A3476,N271246,Non-mates,VID,Exclusion,NA,Minutiae,C_Medium,1,98,34
A3055,M106091,Mates,NV,NA,NA,NA,NA,0,82,5
A4056,M106091,Mates,VEO,Inconclusive,Overlap,NA,B_Easy,0,102,5
A5104,M106091,Mates,NV,NA,NA,NA,NA,0,130,5
A0194,M106091,Mates,NV,NA,NA,NA,NA,0,10,5
A0383,M106091,Mates,NV,NA,NA,NA,NA,0,17,5
A5417,M106091,Mates,NV,NA,NA,NA,NA,0,146,5
A2002,M106091,Mates,VEO,Inconclusive,Overlap,NA,D_Difficult,0,54,5
A2009,M106091,Mates,NV,NA,NA,NA,NA,0,55,5
A1035,M106091,Mates,NV,NA,NA,NA,NA,0,25,5
A2036,M106091,Mates,NV,NA,NA,NA,NA,0,57,5
A5041,M106091,Mates,NV,NA,NA,NA,NA,0,127,5
A2090,M106091,Mates,NV,NA,NA,NA,NA,0,61,5
A3118,M106091,Mates,VEO,Exclusion,NA,Pattern,D_Difficult,1,86,5
A5122,M106091,Mates,NV,NA,NA,NA,NA,0,132,5
A0124,M106091,Mates,NV,NA,NA,NA,NA,0,6,5
A1161,M106091,Mates,NV,NA,NA,NA,NA,0,34,5
A1177,M106091,Mates,NV,NA,NA,NA,NA,0,35,5
A5221,M106091,Mates,NV,NA,NA,NA,NA,0,138,5
A1233,M106091,Mates,NV,NA,NA,NA,NA,0,37,5
A2268,M106091,Mates,VEO,Inconclusive,Overlap,NA,C_Medium,0,70,5
A6303,M106091,Mates,NV,NA,NA,NA,NA,0,159,5
A1339,M106091,Mates,VEO,Inconclusive,Overlap,NA,C_Medium,0,43,5
A4396,M106091,Mates,NV,NA,NA,NA,NA,0,121,5
A6463,M106091,Mates,VEO,Exclusion,NA,Pattern,C_Medium,1,167,5
A3485,M106091,Mates,VEO,Inconclusive,Overlap,NA,B_Easy,0,99,5
A3055,N086436,Non-mates,VID,Exclusion,NA,Minutiae,B_Easy,1,82,22
A0061,N086436,Non-mates,VID,Exclusion,NA,Minutiae,B_Easy,1,4,22
A2079,N086436,Non-mates,VID,Exclusion,NA,Minutiae,B_Easy,1,59,22
A5104,N086436,Non-mates,VID,Exclusion,NA,Minutiae,C_Medium,1,130,22
A1125,N086436,Non-mates,VID,Exclusion,NA,Minutiae,C_Medium,1,31,22
A4128,N086436,Non-mates,VID,Exclusion,NA,Minutiae,B_Easy,1,106,22
A0176,N086436,Non-mates,VID,Exclusion,NA,Minutiae,B_Easy,1,8,22
A0194,N086436,Non-mates,VID,Exclusion,NA,Minutiae,C_Medium,1,10,22
A4236,N086436,Non-mates,VID,Exclusion,NA,Minutiae,C_Medium,1,113,22
A1258,N086436,Non-mates,VID,Exclusion,NA,Minutiae,C_Medium,1,38,22
A1260,N086436,Non-mates,VID,Exclusion,NA,Minutiae,B_Easy,1,39,22
A5309,N086436,Non-mates,VID,Exclusion,NA,Minutiae,C_Medium,1,140,22
A1314,N086436,Non-mates,VID,Exclusion,NA,Minutiae,B_Easy,1,40,22
A5318,N086436,Non-mates,VID,Exclusion,NA,Minutiae,B_Easy,1,142,22
A3415,N086436,Non-mates,VID,Exclusion,NA,Minutiae,C_Medium,1,95,22
A5417,N086436,Non-mates,VID,Exclusion,NA,Minutiae,C_Medium,1,146,22
A2450,N086436,Non-mates,VID,Exclusion,NA,Minutiae,C_Medium,1,77,22
A6490,N086436,Non-mates,VID,Exclusion,NA,Minutiae,C_Medium,1,169,22
A6006,N086436,Non-mates,VID,Exclusion,NA,Minutiae,B_Easy,1,151,22
A3019,N086436,Non-mates,VID,Exclusion,NA,Minutiae,B_Easy,1,79,22
A2020,N086436,Non-mates,VID,Exclusion,NA,Minutiae,B_Easy,1,56,22
A1035,N086436,Non-mates,VID,Exclusion,NA,Minutiae,C_Medium,1,25,22
A0043,N086436,Non-mates,VID,Exclusion,NA,Minutiae,A_Obvious,1,2,22
A3046,N086436,Non-mates,VID,Exclusion,NA,Minutiae,A_Obvious,1,81,22
A0059,N086436,Non-mates,VID,Inconclusive,Overlap,NA,D_Difficult,0,3,22
A0115,N086436,Non-mates,VID,Exclusion,NA,Minutiae,C_Medium,1,5,22
A0124,N086436,Non-mates,VID,Exclusion,NA,Minutiae,C_Medium,1,6,22
A1143,N086436,Non-mates,VID,Exclusion,NA,Pattern,B_Easy,1,32,22
A1161,N086436,Non-mates,VID,Exclusion,NA,Minutiae,A_Obvious,1,34,22
A4164,N086436,Non-mates,VID,Exclusion,NA,Minutiae,C_Medium,1,108,22
A4182,N086436,Non-mates,VID,Exclusion,NA,Minutiae,C_Medium,1,109,22
A0205,N086436,Non-mates,VID,Exclusion,NA,Minutiae,C_Medium,1,11,22
A3208,N086436,Non-mates,VID,Exclusion,NA,Minutiae,C_Medium,1,91,22
A5212,N086436,Non-mates,VID,Exclusion,NA,Minutiae,C_Medium,1,136,22
A1233,N086436,Non-mates,VID,Exclusion,NA,Minutiae,B_Easy,1,37,22
A0241,N086436,Non-mates,VID,Exclusion,NA,Minutiae,C_Medium,1,13,22
A6247,N086436,Non-mates,VID,Exclusion,NA,Minutiae,B_Easy,1,158,22
A4263,N086436,Non-mates,VID,Exclusion,NA,Minutiae,C_Medium,1,114,22
A0293,N086436,Non-mates,VID,Exclusion,NA,Minutiae,C_Medium,1,15,22
A6303,N086436,Non-mates,VID,Exclusion,NA,Minutiae,B_Easy,1,159,22
A6312,N086436,Non-mates,VID,Exclusion,NA,Minutiae,C_Medium,1,160,22
A2351,N086436,Non-mates,VID,Exclusion,NA,Minutiae,B_Easy,1,73,22
A2358,N086436,Non-mates,VID,Exclusion,NA,Minutiae,C_Medium,1,74,22
A6364,N086436,Non-mates,VID,Exclusion,NA,Minutiae,C_Medium,1,163,22
A3406,N086436,Non-mates,VID,Exclusion,NA,Minutiae,C_Medium,1,94,22
A0419,N086436,Non-mates,VID,Exclusion,NA,Minutiae,C_Medium,1,19,22
A1440,N086436,Non-mates,VID,Exclusion,NA,Minutiae,B_Easy,1,52,22
A5453,N086436,Non-mates,VID,Exclusion,NA,Minutiae,C_Medium,1,147,22
A3460,N086436,Non-mates,VID,Inconclusive,Overlap,NA,C_Medium,0,97,22
A4461,N086436,Non-mates,VID,Exclusion,NA,Minutiae,D_Difficult,1,125,22
A6463,N086436,Non-mates,VID,Exclusion,NA,Minutiae,B_Easy,1,167,22
A2466,N086436,Non-mates,VID,Exclusion,NA,Minutiae,B_Easy,1,78,22
A5104,M256255,Mates,VEO,Exclusion,NA,Pattern,C_Medium,1,130,18
A3127,M256255,Mates,NV,NA,NA,NA,NA,0,87,18
A4128,M256255,Mates,NV,NA,NA,NA,NA,0,106,18
A2135,M256255,Mates,VEO,Exclusion,NA,Pattern,B_Easy,1,64,18
A1323,M256255,Mates,VEO,Exclusion,NA,Pattern,C_Medium,1,41,18
A1438,M256255,Mates,VEO,Exclusion,NA,Pattern,A_Obvious,1,51,18
A4443,M256255,Mates,VEO,Inconclusive,Overlap,NA,C_Medium,0,123,18
A4459,M256255,Mates,NV,NA,NA,NA,NA,0,124,18
A2009,M256255,Mates,NV,NA,NA,NA,NA,0,55,18
A6051,M256255,Mates,NV,NA,NA,NA,NA,0,152,18
A5057,M256255,Mates,VEO,Exclusion,NA,Pattern,B_Easy,1,128,18
A0059,M256255,Mates,NV,NA,NA,NA,NA,0,3,18
A2063,M256255,Mates,NV,NA,NA,NA,NA,0,58,18
A1071,M256255,Mates,NV,NA,NA,NA,NA,0,28,18
A3073,M256255,Mates,NV,NA,NA,NA,NA,0,83,18
A4099,M256255,Mates,VEO,Exclusion,NA,Pattern,A_Obvious,1,104,18
A3118,M256255,Mates,VEO,Exclusion,NA,Pattern,B_Easy,1,86,18
A0124,M256255,Mates,VEO,Inconclusive,Insufficient,NA,E_VeryDifficult,0,6,18
A4137,M256255,Mates,NV,NA,NA,NA,NA,0,107,18
A1161,M256255,Mates,VEO,Exclusion,NA,Pattern,A_Obvious,1,34,18
A1177,M256255,Mates,NV,NA,NA,NA,NA,0,35,18
A3208,M256255,Mates,VEO,Exclusion,NA,Pattern,B_Easy,1,91,18
A6229,M256255,Mates,VEO,Exclusion,NA,Pattern,A_Obvious,1,157,18
A2243,M256255,Mates,VEO,Exclusion,NA,Pattern,A_Obvious,1,68,18
A2259,M256255,Mates,NV,NA,NA,NA,NA,0,69,18
A2268,M256255,Mates,VEO,Exclusion,NA,Pattern,B_Easy,1,70,18
A4308,M256255,Mates,VEO,Exclusion,NA,Pattern,B_Easy,1,116,18
A6364,M256255,Mates,VEO,Inconclusive,Overlap,NA,B_Easy,0,163,18
A6463,M256255,Mates,NV,NA,NA,NA,NA,0,167,18
A5014,M127138,Mates,VEO,Inconclusive,Insufficient,NA,C_Medium,0,126,6
A3046,M127138,Mates,VID,Individualization,NA,NA,A_Obvious,1,81,6
A4065,M127138,Mates,VID,Individualization,NA,NA,B_Easy,1,103,6
A5113,M127138,Mates,VID,Inconclusive,Insufficient,NA,D_Difficult,0,131,6
A6157,M127138,Mates,VEO,Inconclusive,Insufficient,NA,D_Difficult,0,155,6
A4182,M127138,Mates,VID,Inconclusive,Insufficient,NA,C_Medium,0,109,6
A2216,M127138,Mates,VID,Individualization,NA,NA,C_Medium,1,67,6
A3226,M127138,Mates,VEO,Inconclusive,Insufficient,NA,D_Difficult,0,92,6
A5311,M127138,Mates,VID,Individualization,NA,NA,C_Medium,1,141,6
A5354,M127138,Mates,VID,Individualization,NA,NA,C_Medium,1,143,6
A2367,M127138,Mates,VID,Individualization,NA,NA,D_Difficult,1,75,6
A1375,M127138,Mates,VID,Individualization,NA,NA,C_Medium,1,46,6
A2394,M127138,Mates,VID,Individualization,NA,NA,C_Medium,1,76,6
A1413,M127138,Mates,VID,Inconclusive,Insufficient,NA,C_Medium,0,49,6
A0419,M127138,Mates,VID,Individualization,NA,NA,D_Difficult,1,19,6
A1447,M127138,Mates,VID,Individualization,NA,NA,D_Difficult,1,53,6
A0491,M127138,Mates,VID,Individualization,NA,NA,C_Medium,1,23,6
A1125,M153153,Mates,VEO,Inconclusive,Insufficient,NA,E_VeryDifficult,0,31,10
A3127,M153153,Mates,VID,Individualization,NA,NA,C_Medium,1,87,10
A2135,M153153,Mates,VID,Individualization,NA,NA,C_Medium,1,64,10
A3172,M153153,Mates,VID,Individualization,NA,NA,D_Difficult,1,89,10
A5174,M153153,Mates,VID,Individualization,NA,NA,C_Medium,1,135,10
A0194,M153153,Mates,VID,Inconclusive,Insufficient,NA,C_Medium,0,10,10
A0284,M153153,Mates,VID,Individualization,NA,NA,D_Difficult,1,14,10
A1341,M153153,Mates,VID,Inconclusive,Insufficient,NA,C_Medium,0,44,10
A4443,M153153,Mates,VID,Individualization,NA,NA,C_Medium,1,123,10
A2002,M153153,Mates,VID,Individualization,NA,NA,C_Medium,1,54,10
A2009,M153153,Mates,VEO,Inconclusive,Insufficient,NA,C_Medium,0,55,10
A3021,M153153,Mates,VID,Individualization,NA,NA,D_Difficult,1,80,10
A1035,M153153,Mates,VEO,Inconclusive,Overlap,NA,D_Difficult,0,25,10
A5041,M153153,Mates,VID,Inconclusive,Overlap,NA,C_Medium,0,127,10
A2090,M153153,Mates,VID,Individualization,NA,NA,C_Medium,1,61,10
A3118,M153153,Mates,VID,Individualization,NA,NA,E_VeryDifficult,1,86,10
A5131,M153153,Mates,VID,Inconclusive,Insufficient,NA,C_Medium,0,133,10
A3145,M153153,Mates,VID,Individualization,NA,NA,D_Difficult,1,88,10
A1161,M153153,Mates,VID,Individualization,NA,NA,C_Medium,1,34,10
A6166,M153153,Mates,VID,Exclusion,NA,Minutiae,A_Obvious,1,156,10
A2178,M153153,Mates,VEO,Inconclusive,Insufficient,NA,D_Difficult,0,65,10
A5221,M153153,Mates,VEO,Inconclusive,Overlap,NA,C_Medium,0,138,10
A4263,M153153,Mates,VEO,Exclusion,NA,Minutiae,C_Medium,1,114,10
A2268,M153153,Mates,VID,Individualization,NA,NA,C_Medium,1,70,10
A6303,M153153,Mates,VID,Individualization,NA,NA,C_Medium,1,159,10
A1339,M153153,Mates,VID,Inconclusive,Insufficient,NA,C_Medium,0,43,10
A2351,M153153,Mates,VID,Individualization,NA,NA,C_Medium,1,73,10
A4396,M153153,Mates,VID,Inconclusive,Overlap,NA,C_Medium,0,121,10
A0043,M130138,Mates,VID,Individualization,NA,NA,C_Medium,1,2,7
A5084,M130138,Mates,VID,Individualization,NA,NA,C_Medium,1,129,7
A6114,M130138,Mates,VID,Individualization,NA,NA,B_Easy,1,153,7
A1143,M130138,Mates,VID,Individualization,NA,NA,B_Easy,1,32,7
A4164,M130138,Mates,VID,Individualization,NA,NA,C_Medium,1,108,7
A4198,M130138,Mates,VID,Individualization,NA,NA,C_Medium,1,110,7
A0205,M130138,Mates,VID,Inconclusive,Overlap,NA,B_Easy,0,11,7
A2207,M130138,Mates,VID,Individualization,NA,NA,D_Difficult,1,66,7
A4218,M130138,Mates,VID,Individualization,NA,NA,B_Easy,1,111,7
A5219,M130138,Mates,VID,Individualization,NA,NA,B_Easy,1,137,7
A1224,M130138,Mates,VID,Individualization,NA,NA,B_Easy,1,36,7
A0241,M130138,Mates,VID,Individualization,NA,NA,D_Difficult,1,13,7
A4281,M130138,Mates,VID,Individualization,NA,NA,A_Obvious,1,115,7
A5289,M130138,Mates,VID,Individualization,NA,NA,B_Easy,1,139,7
A2358,M130138,Mates,VID,Individualization,NA,NA,B_Easy,1,74,7
A0403,M130138,Mates,VID,Individualization,NA,NA,B_Easy,1,18,7
A3406,M130138,Mates,VID,Individualization,NA,NA,B_Easy,1,94,7
A3460,M130138,Mates,VID,Individualization,NA,NA,B_Easy,1,97,7
A5469,M130138,Mates,VID,Individualization,NA,NA,A_Obvious,1,148,7
A3055,M216222,Mates,VEO,Exclusion,NA,Pattern,D_Difficult,1,82,14
A2079,M216222,Mates,VEO,Inconclusive,Overlap,NA,C_Medium,0,59,14
A3102,M216222,Mates,NV,NA,NA,NA,NA,0,85,14
A1125,M216222,Mates,NV,NA,NA,NA,NA,0,31,14
A4128,M216222,Mates,VEO,Inconclusive,Overlap,NA,C_Medium,0,106,14
A2135,M216222,Mates,VEO,Inconclusive,Overlap,NA,C_Medium,0,64,14
A0151,M216222,Mates,VEO,Exclusion,NA,Pattern,D_Difficult,1,7,14
A1314,M216222,Mates,NV,NA,NA,NA,NA,0,40,14
A5417,M216222,Mates,VEO,Inconclusive,Overlap,NA,C_Medium,0,146,14
A3458,M216222,Mates,NV,NA,NA,NA,NA,0,96,14
A0007,M216222,Mates,NV,NA,NA,NA,NA,0,1,14
A1053,M216222,Mates,VEO,Exclusion,NA,Pattern,A_Obvious,1,27,14
A1078,M216222,Mates,VEO,Inconclusive,Overlap,NA,E_VeryDifficult,0,29,14
A5084,M216222,Mates,VEO,Exclusion,NA,Pattern,C_Medium,1,129,14
A2088,M216222,Mates,VEO,Inconclusive,Overlap,NA,C_Medium,0,60,14
A1143,M216222,Mates,VEO,Exclusion,NA,Pattern,C_Medium,1,32,14
A1159,M216222,Mates,NV,NA,NA,NA,NA,0,33,14
A4164,M216222,Mates,NV,NA,NA,NA,NA,0,108,14
A0205,M216222,Mates,NV,NA,NA,NA,NA,0,11,14
A4218,M216222,Mates,VEO,Inconclusive,Overlap,NA,B_Easy,0,111,14
A0241,M216222,Mates,NV,NA,NA,NA,NA,0,13,14
A5289,M216222,Mates,VEO,Inconclusive,Overlap,NA,C_Medium,0,139,14
A2358,M216222,Mates,NV,NA,NA,NA,NA,0,74,14
A4362,M216222,Mates,VEO,Inconclusive,Close,NA,B_Easy,0,118,14
A5469,M216222,Mates,VEO,Exclusion,NA,Pattern,C_Medium,1,148,14
A6488,M216222,Mates,VID,Inconclusive,Overlap,NA,B_Easy,0,168,14
A2020,M152135,Mates,NV,NA,NA,NA,NA,0,56,9
A4029,M152135,Mates,NV,NA,NA,NA,NA,0,101,9
A6051,M152135,Mates,VEO,Inconclusive,Overlap,NA,A_Obvious,0,152,9
A0059,M152135,Mates,NV,NA,NA,NA,NA,0,3,9
A3073,M152135,Mates,NV,NA,NA,NA,NA,0,83,9
A1107,M152135,Mates,NV,NA,NA,NA,NA,0,30,9
A4137,M152135,Mates,NV,NA,NA,NA,NA,0,107,9
A6141,M152135,Mates,NV,NA,NA,NA,NA,0,154,9
A5212,M152135,Mates,NV,NA,NA,NA,NA,0,136,9
A4227,M152135,Mates,NV,NA,NA,NA,NA,0,112,9
A6355,M152135,Mates,NV,NA,NA,NA,NA,0,162,9
A0356,M152135,Mates,NV,NA,NA,NA,NA,0,16,9
A5363,M152135,Mates,NV,NA,NA,NA,NA,0,144,9
A1393,M152135,Mates,NV,NA,NA,NA,NA,0,47,9
A1422,M152135,Mates,NV,NA,NA,NA,NA,0,50,9
A5453,M152135,Mates,VEO,Exclusion,NA,Pattern,B_Easy,1,147,9
A2466,M152135,Mates,NV,NA,NA,NA,NA,0,78,9
A0473,M152135,Mates,NV,NA,NA,NA,NA,0,22,9
A5478,M152135,Mates,NV,NA,NA,NA,NA,0,149,9
A3494,M152135,Mates,NV,NA,NA,NA,NA,0,100,9
A1008,M135112,Mates,VEO,Individualization,NA,NA,C_Medium,1,24,8
A5014,M135112,Mates,VEO,Inconclusive,Insufficient,NA,C_Medium,0,126,8
A3019,M135112,Mates,VEO,Inconclusive,Insufficient,NA,C_Medium,0,79,8
A0043,M135112,Mates,VID,Inconclusive,Insufficient,NA,D_Difficult,0,2,8
A5084,M135112,Mates,VID,Individualization,NA,NA,E_VeryDifficult,1,129,8
A4198,M135112,Mates,VEO,Inconclusive,Insufficient,NA,E_VeryDifficult,0,110,8
A6247,M135112,Mates,VEO,Inconclusive,Overlap,NA,C_Medium,0,158,8
A4281,M135112,Mates,VID,Individualization,NA,NA,C_Medium,1,115,8
A5289,M135112,Mates,VID,Individualization,NA,NA,C_Medium,1,139,8
A5311,M135112,Mates,VEO,Inconclusive,Insufficient,NA,C_Medium,0,141,8
A4362,M135112,Mates,VID,Individualization,NA,NA,D_Difficult,1,118,8
A1404,M135112,Mates,VEO,Inconclusive,Insufficient,NA,C_Medium,0,48,8
A3406,M135112,Mates,VID,Individualization,NA,NA,C_Medium,1,94,8
A6409,M135112,Mates,VEO,Inconclusive,Insufficient,NA,C_Medium,0,165,8
A6411,M135112,Mates,VID,Individualization,NA,NA,D_Difficult,1,166,8
A4416,M135112,Mates,VEO,Inconclusive,Insufficient,NA,D_Difficult,0,122,8
A1447,M135112,Mates,VEO,Inconclusive,Insufficient,NA,C_Medium,0,53,8
A3460,M135112,Mates,VEO,Inconclusive,Insufficient,NA,C_Medium,0,97,8
A3476,M135112,Mates,VID,Inconclusive,Insufficient,NA,D_Difficult,0,98,8
A5014,M234202,Mates,VEO,Inconclusive,Overlap,NA,C_Medium,0,126,16
A4121,M234202,Mates,VEO,Inconclusive,Overlap,NA,C_Medium,0,105,16
A4182,M234202,Mates,VEO,Exclusion,NA,Pattern,C_Medium,1,109,16
A0185,M234202,Mates,VEO,Inconclusive,Overlap,NA,C_Medium,0,9,16
A5311,M234202,Mates,VID,Individualization,NA,NA,D_Difficult,1,141,16
A2367,M234202,Mates,VID,Inconclusive,Insufficient,NA,D_Difficult,0,75,16
A3370,M234202,Mates,VID,Exclusion,NA,Minutiae,D_Difficult,1,93,16
A1375,M234202,Mates,VID,Inconclusive,Insufficient,NA,D_Difficult,0,46,16
A6409,M234202,Mates,VID,Inconclusive,Overlap,NA,C_Medium,0,165,16
A4416,M234202,Mates,VEO,Inconclusive,Overlap,NA,C_Medium,0,122,16
A0419,M234202,Mates,VEO,Inconclusive,Overlap,NA,C_Medium,0,19,16
A1447,M234202,Mates,VID,Inconclusive,Overlap,NA,D_Difficult,0,53,16
A4461,M234202,Mates,VID,Individualization,NA,NA,D_Difficult,1,125,16
A0491,M234202,Mates,VEO,Inconclusive,Overlap,NA,C_Medium,0,23,16
A3102,M234222,Mates,VID,Inconclusive,Insufficient,NA,D_Difficult,0,85,17
A4128,M234222,Mates,VID,Inconclusive,Overlap,NA,D_Difficult,0,106,17
A2135,M234222,Mates,VEO,Inconclusive,Overlap,NA,D_Difficult,0,64,17
A5174,M234222,Mates,VID,Inconclusive,Overlap,NA,D_Difficult,0,135,17
A2295,M234222,Mates,VID,Individualization,NA,NA,C_Medium,1,71,17
A1341,M234222,Mates,VEO,Inconclusive,Overlap,NA,D_Difficult,0,44,17
A1350,M234222,Mates,VEO,Inconclusive,Overlap,NA,D_Difficult,0,45,17
A5410,M234222,Mates,VID,Inconclusive,Insufficient,NA,E_VeryDifficult,0,145,17
A0421,M234222,Mates,VEO,Inconclusive,Close,NA,C_Medium,0,20,17
A0437,M234222,Mates,VEO,Inconclusive,Overlap,NA,B_Easy,0,21,17
A1438,M234222,Mates,VEO,Inconclusive,Overlap,NA,C_Medium,0,51,17
A2450,M234222,Mates,VEO,Inconclusive,Overlap,NA,B_Easy,0,77,17
A2002,M234222,Mates,VID,Inconclusive,Overlap,NA,D_Difficult,0,54,17
A2009,M234222,Mates,VEO,Inconclusive,Close,NA,C_Medium,0,55,17
A3021,M234222,Mates,VID,Inconclusive,Overlap,NA,C_Medium,0,80,17
A5041,M234222,Mates,VID,Individualization,NA,NA,D_Difficult,1,127,17
A5057,M234222,Mates,VID,Individualization,NA,NA,C_Medium,1,128,17
A2090,M234222,Mates,VID,Individualization,NA,NA,C_Medium,1,61,17
A0124,M234222,Mates,VEO,Inconclusive,Insufficient,NA,C_Medium,0,6,17
A5131,M234222,Mates,VEO,Inconclusive,Overlap,NA,B_Easy,0,133,17
A3145,M234222,Mates,VID,Individualization,NA,NA,E_VeryDifficult,1,88,17
A1161,M234222,Mates,VID,Individualization,NA,NA,E_VeryDifficult,1,34,17
A6166,M234222,Mates,VID,Individualization,NA,NA,D_Difficult,1,156,17
A2178,M234222,Mates,VID,Inconclusive,Close,NA,C_Medium,0,65,17
A5221,M234222,Mates,VID,Inconclusive,Overlap,NA,C_Medium,0,138,17
A2268,M234222,Mates,VID,Individualization,NA,NA,D_Difficult,1,70,17
A6303,M234222,Mates,VID,Inconclusive,Insufficient,NA,C_Medium,0,159,17
A1339,M234222,Mates,VEO,Inconclusive,Overlap,NA,C_Medium,0,43,17
A2351,M234222,Mates,VID,Individualization,NA,NA,D_Difficult,1,73,17
A4396,M234222,Mates,VEO,Inconclusive,Close,NA,C_Medium,0,121,17
A3485,M234222,Mates,VID,Inconclusive,Overlap,NA,C_Medium,0,99,17
A6114,M081019,Mates,VID,Individualization,NA,NA,B_Easy,1,153,3
A1143,M081019,Mates,VID,Individualization,NA,NA,B_Easy,1,32,3
A1159,M081019,Mates,VID,Individualization,NA,NA,B_Easy,1,33,3
A4164,M081019,Mates,VID,Individualization,NA,NA,D_Difficult,1,108,3
A4198,M081019,Mates,VID,Individualization,NA,NA,B_Easy,1,110,3
A0205,M081019,Mates,VID,Individualization,NA,NA,B_Easy,1,11,3
A2207,M081019,Mates,VID,Individualization,NA,NA,A_Obvious,1,66,3
A4218,M081019,Mates,VID,Individualization,NA,NA,A_Obvious,1,111,3
A1224,M081019,Mates,VID,Individualization,NA,NA,C_Medium,1,36,3
A0241,M081019,Mates,VID,Individualization,NA,NA,D_Difficult,1,13,3
A5289,M081019,Mates,VID,Individualization,NA,NA,C_Medium,1,139,3
A2358,M081019,Mates,VID,Individualization,NA,NA,B_Easy,1,74,3
A4362,M081019,Mates,VID,Individualization,NA,NA,B_Easy,1,118,3
A0403,M081019,Mates,VID,Inconclusive,Overlap,NA,C_Medium,0,18,3
A3460,M081019,Mates,VID,Inconclusive,Insufficient,NA,C_Medium,0,97,3
A5469,M081019,Mates,VID,Individualization,NA,NA,B_Easy,1,148,3
A3055,M203227,Mates,NV,NA,NA,NA,NA,0,82,13
A4056,M203227,Mates,NV,NA,NA,NA,NA,0,102,13
A2079,M203227,Mates,NV,NA,NA,NA,NA,0,59,13
A3091,M203227,Mates,NV,NA,NA,NA,NA,0,84,13
A3102,M203227,Mates,NV,NA,NA,NA,NA,0,85,13
A1260,M203227,Mates,NV,NA,NA,NA,NA,0,39,13
A3415,M203227,Mates,VEO,Inconclusive,Overlap,NA,C_Medium,0,95,13
A3458,M203227,Mates,NV,NA,NA,NA,NA,0,96,13
A5480,M203227,Mates,NV,NA,NA,NA,NA,0,150,13
A6490,M203227,Mates,NV,NA,NA,NA,NA,0,169,13
A2101,M203227,Mates,VEO,Inconclusive,Overlap,NA,C_Medium,0,62,13
A5113,M203227,Mates,VEO,Inconclusive,Overlap,NA,E_VeryDifficult,0,131,13
A6157,M203227,Mates,NV,NA,NA,NA,NA,0,155,13
A4182,M203227,Mates,NV,NA,NA,NA,NA,0,109,13
A0185,M203227,Mates,NV,NA,NA,NA,NA,0,9,13
A2216,M203227,Mates,VID,Individualization,NA,NA,C_Medium,1,67,13
A3226,M203227,Mates,NV,NA,NA,NA,NA,0,92,13
A5311,M203227,Mates,VEO,Inconclusive,Overlap,NA,C_Medium,0,141,13
A2367,M203227,Mates,VEO,Inconclusive,Overlap,NA,C_Medium,0,75,13
A0419,M203227,Mates,VEO,Inconclusive,Close,NA,C_Medium,0,19,13
A3055,M068031,Mates,VID,Individualization,NA,NA,D_Difficult,1,82,2
A4056,M068031,Mates,VID,Individualization,NA,NA,C_Medium,1,102,2
A3102,M068031,Mates,VID,Individualization,NA,NA,D_Difficult,1,85,2
A1125,M068031,Mates,VID,Individualization,NA,NA,E_VeryDifficult,1,31,2
A0151,M068031,Mates,VID,Individualization,NA,NA,C_Medium,1,7,2
A2295,M068031,Mates,VID,Individualization,NA,NA,B_Easy,1,71,2
A1341,M068031,Mates,VID,Individualization,NA,NA,C_Medium,1,44,2
A2450,M068031,Mates,VEO,Inconclusive,Insufficient,NA,C_Medium,0,77,2
A3458,M068031,Mates,VID,Individualization,NA,NA,B_Easy,1,96,2
A2002,M068031,Mates,VID,Individualization,NA,NA,C_Medium,1,54,2
A2009,M068031,Mates,VEO,Inconclusive,Insufficient,NA,C_Medium,0,55,2
A1035,M068031,Mates,VEO,Inconclusive,Insufficient,NA,E_VeryDifficult,0,25,2
A2036,M068031,Mates,VID,Individualization,NA,NA,C_Medium,1,57,2
A5041,M068031,Mates,VID,Individualization,NA,NA,C_Medium,1,127,2
A5057,M068031,Mates,VID,Individualization,NA,NA,D_Difficult,1,128,2
A2063,M068031,Mates,VID,Individualization,NA,NA,C_Medium,1,58,2
A1071,M068031,Mates,VID,Individualization,NA,NA,A_Obvious,1,28,2
A2090,M068031,Mates,VID,Individualization,NA,NA,B_Easy,1,61,2
A4099,M068031,Mates,VID,Individualization,NA,NA,C_Medium,1,104,2
A3118,M068031,Mates,VID,Individualization,NA,NA,E_VeryDifficult,1,86,2
A5122,M068031,Mates,VID,Individualization,NA,NA,C_Medium,1,132,2
A0124,M068031,Mates,VEO,Inconclusive,Insufficient,NA,B_Easy,0,6,2
A1161,M068031,Mates,VID,Individualization,NA,NA,C_Medium,1,34,2
A6166,M068031,Mates,VID,Individualization,NA,NA,B_Easy,1,156,2
A1177,M068031,Mates,VID,Individualization,NA,NA,C_Medium,1,35,2
A5221,M068031,Mates,VEO,Inconclusive,Insufficient,NA,C_Medium,0,138,2
A1233,M068031,Mates,VID,Individualization,NA,NA,D_Difficult,1,37,2
A2243,M068031,Mates,VID,Inconclusive,Insufficient,NA,D_Difficult,0,68,2
A2268,M068031,Mates,VID,Individualization,NA,NA,C_Medium,1,70,2
A6303,M068031,Mates,VID,Individualization,NA,NA,C_Medium,1,159,2
A6364,M068031,Mates,VID,Individualization,NA,NA,C_Medium,1,163,2
A4396,M068031,Mates,VID,Individualization,NA,NA,B_Easy,1,121,2
A6463,M068031,Mates,VID,Individualization,NA,NA,C_Medium,1,167,2
A2002,M099104,Mates,VID,Inconclusive,Overlap,NA,D_Difficult,0,54,4
A2009,M099104,Mates,VEO,Inconclusive,Close,NA,B_Easy,0,55,4
A2036,M099104,Mates,NV,NA,NA,NA,NA,0,57,4
A6051,M099104,Mates,VID,Exclusion,NA,Minutiae,C_Medium,1,152,4
A5057,M099104,Mates,VID,Inconclusive,Insufficient,NA,D_Difficult,0,128,4
A2063,M099104,Mates,VEO,Inconclusive,Overlap,NA,C_Medium,0,58,4
A1071,M099104,Mates,VID,Inconclusive,Overlap,NA,C_Medium,0,28,4
A2090,M099104,Mates,VID,Individualization,NA,NA,D_Difficult,1,61,4
A3118,M099104,Mates,VID,Inconclusive,Insufficient,NA,D_Difficult,0,86,4
A5122,M099104,Mates,VEO,Inconclusive,Overlap,NA,C_Medium,0,132,4
A0124,M099104,Mates,VEO,Inconclusive,Insufficient,NA,E_VeryDifficult,0,6,4
A1161,M099104,Mates,VEO,Inconclusive,Insufficient,NA,D_Difficult,0,34,4
A6166,M099104,Mates,VEO,Inconclusive,Overlap,NA,C_Medium,0,156,4
A1177,M099104,Mates,VEO,Inconclusive,Overlap,NA,D_Difficult,0,35,4
A2243,M099104,Mates,VEO,Inconclusive,Overlap,NA,C_Medium,0,68,4
A2259,M099104,Mates,VEO,Inconclusive,Overlap,NA,A_Obvious,0,69,4
A2268,M099104,Mates,VID,Individualization,NA,NA,D_Difficult,1,70,4
A1339,M099104,Mates,VEO,Inconclusive,Overlap,NA,B_Easy,0,43,4
A6364,M099104,Mates,VEO,Inconclusive,Overlap,NA,B_Easy,0,163,4
A4396,M099104,Mates,VEO,Inconclusive,Close,NA,C_Medium,0,121,4
A5453,M099104,Mates,VEO,Inconclusive,Overlap,NA,B_Easy,0,147,4
A1008,M010021,Mates,VID,Individualization,NA,NA,C_Medium,1,24,1
A5014,M010021,Mates,VID,Inconclusive,Overlap,NA,D_Difficult,0,126,1
A3019,M010021,Mates,VID,Individualization,NA,NA,C_Medium,1,79,1
A0043,M010021,Mates,VID,Individualization,NA,NA,D_Difficult,1,2,1
A3046,M010021,Mates,VID,Individualization,NA,NA,B_Easy,1,81,1
A6114,M010021,Mates,VID,Individualization,NA,NA,C_Medium,1,153,1
A3179,M010021,Mates,VID,Individualization,NA,NA,D_Difficult,1,90,1
A4198,M010021,Mates,VID,Individualization,NA,NA,C_Medium,1,110,1
A5219,M010021,Mates,VID,Individualization,NA,NA,B_Easy,1,137,1
A6247,M010021,Mates,VID,Individualization,NA,NA,C_Medium,1,158,1
A5311,M010021,Mates,VID,Individualization,NA,NA,C_Medium,1,141,1
A1375,M010021,Mates,VID,Individualization,NA,NA,D_Difficult,1,46,1
A6409,M010021,Mates,VID,Exclusion,NA,Minutiae,C_Medium,1,165,1
A6411,M010021,Mates,VID,Individualization,NA,NA,C_Medium,1,166,1
A4416,M010021,Mates,VID,Inconclusive,Insufficient,NA,D_Difficult,0,122,1
A1447,M010021,Mates,VID,Exclusion,NA,Minutiae,C_Medium,1,53,1
A3460,M010021,Mates,VID,Exclusion,NA,Minutiae,D_Difficult,1,97,1
A4461,M010021,Mates,VID,Individualization,NA,NA,C_Medium,1,125,1
A3476,M010021,Mates,VID,Individualization,NA,NA,C_Medium,1,98,1
A0176,M223212,Mates,VID,Individualization,NA,NA,C_Medium,1,8,15
A1258,M223212,Mates,VID,Individualization,NA,NA,C_Medium,1,38,15
A0284,M223212,Mates,VID,Inconclusive,Insufficient,NA,C_Medium,0,14,15
A4317,M223212,Mates,VID,Individualization,NA,NA,D_Difficult,1,117,15
A1323,M223212,Mates,VID,Individualization,NA,NA,D_Difficult,1,41,15
A1332,M223212,Mates,VID,Inconclusive,Insufficient,NA,D_Difficult,0,42,15
A1341,M223212,Mates,VID,Inconclusive,Overlap,NA,D_Difficult,0,44,15
A0383,M223212,Mates,VID,Individualization,NA,NA,D_Difficult,1,17,15
A3415,M223212,Mates,VID,Inconclusive,Insufficient,NA,D_Difficult,0,95,15
A0421,M223212,Mates,VID,Individualization,NA,NA,C_Medium,1,20,15
A5480,M223212,Mates,VID,Inconclusive,Overlap,NA,C_Medium,0,150,15
A6490,M223212,Mates,VID,Individualization,NA,NA,D_Difficult,1,169,15
A0007,M223212,Mates,VID,Inconclusive,Overlap,NA,C_Medium,0,1,15
A1053,M223212,Mates,VID,Individualization,NA,NA,D_Difficult,1,27,15
A1078,M223212,Mates,VID,Individualization,NA,NA,C_Medium,1,29,15
A2088,M223212,Mates,VID,Exclusion,NA,Minutiae,C_Medium,1,60,15
A2101,M223212,Mates,VID,Exclusion,NA,Minutiae,C_Medium,1,62,15
A2126,M223212,Mates,VID,Exclusion,NA,Minutiae,C_Medium,1,63,15
A1159,M223212,Mates,VID,Individualization,NA,NA,B_Easy,1,33,15
A4164,M223212,Mates,VID,Inconclusive,Overlap,NA,C_Medium,0,108,15
A2207,M223212,Mates,VID,Inconclusive,Insufficient,NA,C_Medium,0,66,15
A4218,M223212,Mates,VID,Individualization,NA,NA,D_Difficult,1,111,15
A0241,M223212,Mates,VID,Inconclusive,Close,NA,C_Medium,0,13,15
A2358,M223212,Mates,VID,Individualization,NA,NA,D_Difficult,1,74,15
A4362,M223212,Mates,VID,Exclusion,NA,Minutiae,C_Medium,1,118,15
A0403,M223212,Mates,VID,Individualization,NA,NA,C_Medium,1,18,15
A5469,M223212,Mates,VID,Exclusion,NA,Minutiae,D_Difficult,1,148,15
A3127,N121133,Non-mates,VEO,Inconclusive,Overlap,NA,C_Medium,0,87,24
A1258,N121133,Non-mates,VID,Exclusion,NA,Minutiae,C_Medium,1,38,24
A0284,N121133,Non-mates,VEO,Inconclusive,Insufficient,NA,D_Difficult,0,14,24
A5309,N121133,Non-mates,VID,Exclusion,NA,Minutiae,C_Medium,1,140,24
A1314,N121133,Non-mates,VID,Exclusion,NA,Minutiae,C_Medium,1,40,24
A1341,N121133,Non-mates,VID,Exclusion,NA,Minutiae,C_Medium,1,44,24
A0437,N121133,Non-mates,VEO,Inconclusive,Overlap,NA,C_Medium,0,21,24
A4443,N121133,Non-mates,VID,Exclusion,NA,Minutiae,C_Medium,1,123,24
A2450,N121133,Non-mates,VEO,Inconclusive,Overlap,NA,C_Medium,0,77,24
A3458,N121133,Non-mates,VID,Exclusion,NA,Minutiae,C_Medium,1,96,24
A4459,N121133,Non-mates,VID,Exclusion,NA,Minutiae,D_Difficult,1,124,24
A5480,N121133,Non-mates,VEO,Inconclusive,Overlap,NA,C_Medium,0,150,24
A2002,N121133,Non-mates,VID,Exclusion,NA,Minutiae,C_Medium,1,54,24
A6051,N121133,Non-mates,VID,Exclusion,NA,Minutiae,B_Easy,1,152,24
A1071,N121133,Non-mates,NV,NA,NA,NA,NA,0,28,24
A4099,N121133,Non-mates,VID,Exclusion,NA,Minutiae,B_Easy,1,104,24
A5131,N121133,Non-mates,VID,Inconclusive,Overlap,NA,D_Difficult,0,133,24
A4137,N121133,Non-mates,VID,Exclusion,NA,Minutiae,C_Medium,1,107,24
A6141,N121133,Non-mates,VID,Exclusion,NA,Minutiae,C_Medium,1,154,24
A3145,N121133,Non-mates,VID,Exclusion,NA,Minutiae,C_Medium,1,88,24
A5147,N121133,Non-mates,VEO,Inconclusive,Insufficient,NA,C_Medium,0,134,24
A6166,N121133,Non-mates,VID,Exclusion,NA,Minutiae,A_Obvious,1,156,24
A1177,N121133,Non-mates,VID,Exclusion,NA,Minutiae,D_Difficult,1,35,24
A4227,N121133,Non-mates,VEO,Inconclusive,Overlap,NA,C_Medium,0,112,24
A6355,N121133,Non-mates,VID,Exclusion,NA,Minutiae,C_Medium,1,162,24
A1422,N121133,Non-mates,VID,Exclusion,NA,Minutiae,C_Medium,1,50,24
A3494,N121133,Non-mates,VID,Exclusion,NA,Minutiae,C_Medium,1,100,24
A0061,N136090,Non-mates,VEO,Inconclusive,Overlap,NA,C_Medium,0,4,25
A3127,N136090,Non-mates,VEO,Inconclusive,Overlap,NA,C_Medium,0,87,25
A3172,N136090,Non-mates,VID,Exclusion,NA,Minutiae,B_Easy,1,89,25
A5174,N136090,Non-mates,VID,Exclusion,NA,Minutiae,B_Easy,1,135,25
A2295,N136090,Non-mates,VEO,Inconclusive,Overlap,NA,C_Medium,0,71,25
A1332,N136090,Non-mates,VEO,Exclusion,NA,Minutiae,C_Medium,1,42,25
A1341,N136090,Non-mates,VEO,Exclusion,NA,Minutiae,C_Medium,1,44,25
A2342,N136090,Non-mates,VID,Exclusion,NA,Minutiae,C_Medium,1,72,25
A6389,N136090,Non-mates,VID,Exclusion,NA,Minutiae,C_Medium,1,164,25
A0421,N136090,Non-mates,VID,Exclusion,NA,Minutiae,B_Easy,1,20,25
A2009,N136090,Non-mates,VEO,Inconclusive,Close,NA,C_Medium,0,55,25
A3021,N136090,Non-mates,VEO,Inconclusive,Close,NA,D_Difficult,0,80,25
A4029,N136090,Non-mates,VEO,Exclusion,NA,Minutiae,D_Difficult,1,101,25
A2036,N136090,Non-mates,VEO,Exclusion,NA,Minutiae,C_Medium,1,57,25
A5041,N136090,Non-mates,VEO,Exclusion,NA,Minutiae,C_Medium,1,127,25
A2063,N136090,Non-mates,VEO,Exclusion,NA,Minutiae,B_Easy,1,58,25
A3073,N136090,Non-mates,VEO,Inconclusive,Overlap,NA,C_Medium,0,83,25
A2090,N136090,Non-mates,VID,Exclusion,NA,Minutiae,C_Medium,1,61,25
A1107,N136090,Non-mates,VEO,Inconclusive,Close,NA,E_VeryDifficult,0,30,25
A2178,N136090,Non-mates,VEO,Exclusion,NA,Minutiae,C_Medium,1,65,25
A5221,N136090,Non-mates,VEO,Exclusion,NA,Minutiae,B_Easy,1,138,25
A2243,N136090,Non-mates,VEO,Exclusion,NA,Minutiae,C_Medium,1,68,25
A2268,N136090,Non-mates,VID,Exclusion,NA,Minutiae,C_Medium,1,70,25
A6328,N136090,Non-mates,VEO,Exclusion,NA,Minutiae,C_Medium,1,161,25
A1339,N136090,Non-mates,VEO,Inconclusive,Overlap,NA,C_Medium,0,43,25
A0356,N136090,Non-mates,VEO,Exclusion,NA,Minutiae,B_Easy,1,16,25
A0473,N136090,Non-mates,VID,Exclusion,NA,Minutiae,C_Medium,1,22,25
A5478,N136090,Non-mates,VEO,Exclusion,NA,Minutiae,C_Medium,1,149,25
A4056,N231222,Non-mates,VID,Exclusion,NA,Minutiae,C_Medium,1,102,28
A5174,N231222,Non-mates,VID,Inconclusive,Close,NA,D_Difficult,0,135,28
A0194,N231222,Non-mates,VID,Inconclusive,Overlap,NA,D_Difficult,0,10,28
A1260,N231222,Non-mates,VID,Exclusion,NA,Minutiae,D_Difficult,1,39,28
A1341,N231222,Non-mates,VID,Exclusion,NA,Minutiae,C_Medium,1,44,28
A5417,N231222,Non-mates,VID,Exclusion,NA,Minutiae,D_Difficult,1,146,28
A5480,N231222,Non-mates,VID,Inconclusive,Overlap,NA,C_Medium,0,150,28
A5057,N231222,Non-mates,VID,Exclusion,NA,Minutiae,D_Difficult,1,128,28
A3118,N231222,Non-mates,VID,Exclusion,NA,Minutiae,D_Difficult,1,86,28
A5122,N231222,Non-mates,VID,Exclusion,NA,Minutiae,D_Difficult,1,132,28
A6229,N231222,Non-mates,VID,Inconclusive,Overlap,NA,C_Medium,0,157,28
A0232,N231222,Non-mates,VID,Exclusion,NA,Minutiae,C_Medium,1,12,28
A2259,N231222,Non-mates,VID,Inconclusive,Overlap,NA,C_Medium,0,69,28
A4308,N231222,Non-mates,VEO,Exclusion,NA,Minutiae,B_Easy,1,116,28
A5363,N231222,Non-mates,VID,Inconclusive,Close,NA,C_Medium,0,144,28
A4378,N231222,Non-mates,VID,Inconclusive,Overlap,NA,C_Medium,0,119,28
A4387,N231222,Non-mates,VID,Exclusion,NA,Minutiae,B_Easy,1,120,28
A1393,N231222,Non-mates,VID,Exclusion,NA,Minutiae,C_Medium,1,47,28
A4396,N231222,Non-mates,VID,Inconclusive,Overlap,NA,B_Easy,0,121,28
A3485,N231222,Non-mates,VID,Inconclusive,Overlap,NA,C_Medium,0,99,28
A4236,N304275,Non-mates,VEO,Inconclusive,Overlap,NA,C_Medium,0,113,38
A1332,N304275,Non-mates,VEO,Inconclusive,Overlap,NA,D_Difficult,0,42,38
A0383,N304275,Non-mates,NV,NA,NA,NA,NA,0,17,38
A4443,N304275,Non-mates,NV,NA,NA,NA,NA,0,123,38
A4459,N304275,Non-mates,NV,NA,NA,NA,NA,0,124,38
A5480,N304275,Non-mates,NV,NA,NA,NA,NA,0,150,38
A6490,N304275,Non-mates,NV,NA,NA,NA,NA,0,169,38
A2002,N304275,Non-mates,VID,Inconclusive,Overlap,NA,D_Difficult,0,54,38
A6051,N304275,Non-mates,VID,Exclusion,NA,Minutiae,B_Easy,1,152,38
A1071,N304275,Non-mates,VID,Inconclusive,Overlap,NA,C_Medium,0,28,38
A4099,N304275,Non-mates,VID,Exclusion,NA,Minutiae,C_Medium,1,104,38
A5131,N304275,Non-mates,NV,NA,NA,NA,NA,0,133,38
A4137,N304275,Non-mates,VID,Inconclusive,Close,NA,C_Medium,0,107,38
A6141,N304275,Non-mates,VID,Exclusion,NA,Minutiae,C_Medium,1,154,38
A3145,N304275,Non-mates,NV,NA,NA,NA,NA,0,88,38
A5147,N304275,Non-mates,NV,NA,NA,NA,NA,0,134,38
A6166,N304275,Non-mates,VEO,Inconclusive,Overlap,NA,B_Easy,0,156,38
A1177,N304275,Non-mates,VID,Inconclusive,Close,NA,D_Difficult,0,35,38
A4227,N304275,Non-mates,NV,NA,NA,NA,NA,0,112,38
A6355,N304275,Non-mates,VID,Exclusion,NA,Minutiae,D_Difficult,1,162,38
A1422,N304275,Non-mates,VID,Exclusion,NA,Minutiae,C_Medium,1,50,38
A3494,N304275,Non-mates,VID,Exclusion,NA,Minutiae,D_Difficult,1,100,38
A2135,N291267,Non-mates,VID,Inconclusive,Insufficient,NA,D_Difficult,0,64,35
A4236,N291267,Non-mates,VID,Exclusion,NA,Minutiae,D_Difficult,1,113,35
A1260,N291267,Non-mates,VID,Exclusion,NA,Minutiae,C_Medium,1,39,35
A2295,N291267,Non-mates,VID,Exclusion,NA,Minutiae,C_Medium,1,71,35
A5309,N291267,Non-mates,VID,Exclusion,NA,Minutiae,C_Medium,1,140,35
A5318,N291267,Non-mates,VID,Exclusion,NA,Minutiae,C_Medium,1,142,35
A2342,N291267,Non-mates,VID,Exclusion,NA,Minutiae,D_Difficult,1,72,35
A6389,N291267,Non-mates,VID,Exclusion,NA,Minutiae,C_Medium,1,164,35
A3415,N291267,Non-mates,VID,Exclusion,NA,Minutiae,D_Difficult,1,95,35
A0007,N291267,Non-mates,VID,Exclusion,NA,Minutiae,C_Medium,1,1,35
A1008,N291267,Non-mates,VID,Inconclusive,Overlap,NA,C_Medium,0,24,35
A5014,N291267,Non-mates,VID,Inconclusive,Overlap,NA,C_Medium,0,126,35
A1044,N291267,Non-mates,VID,Inconclusive,Overlap,NA,D_Difficult,0,26,35
A5084,N291267,Non-mates,VID,Exclusion,NA,Minutiae,C_Medium,1,129,35
A5113,N291267,Non-mates,VID,Exclusion,NA,Minutiae,D_Difficult,1,131,35
A2126,N291267,Non-mates,VID,Exclusion,NA,Minutiae,D_Difficult,1,63,35
A1159,N291267,Non-mates,VID,Exclusion,NA,Minutiae,C_Medium,1,33,35
A0185,N291267,Non-mates,VID,Exclusion,NA,Minutiae,C_Medium,1,9,35
A2207,N291267,Non-mates,VID,Exclusion,NA,Minutiae,B_Easy,1,66,35
A2216,N291267,Non-mates,VID,Exclusion,NA,Minutiae,C_Medium,1,67,35
A5289,N291267,Non-mates,VID,Inconclusive,Overlap,NA,C_Medium,0,139,35
A5354,N291267,Non-mates,VID,Inconclusive,Overlap,NA,C_Medium,0,143,35
A6409,N291267,Non-mates,VID,Exclusion,NA,Minutiae,C_Medium,1,165,35
A6411,N291267,Non-mates,VID,Exclusion,NA,Minutiae,D_Difficult,1,166,35
A1413,N291267,Non-mates,VID,Exclusion,NA,Minutiae,C_Medium,1,49,35
A0061,N296257,Non-mates,VEO,Exclusion,NA,Minutiae,C_Medium,1,4,36
A0176,N296257,Non-mates,VID,Exclusion,NA,Minutiae,C_Medium,1,8,36
A1258,N296257,Non-mates,VID,Inconclusive,Close,NA,C_Medium,0,38,36
A5410,N296257,Non-mates,VID,Exclusion,NA,Minutiae,D_Difficult,1,145,36
A4443,N296257,Non-mates,VID,Exclusion,NA,Minutiae,C_Medium,1,123,36
A5057,N296257,Non-mates,VID,Exclusion,NA,Minutiae,D_Difficult,1,128,36
A3118,N296257,Non-mates,VEO,Inconclusive,Overlap,NA,D_Difficult,0,86,36
A5122,N296257,Non-mates,VEO,Exclusion,NA,Minutiae,D_Difficult,1,132,36
A6229,N296257,Non-mates,VID,Inconclusive,Insufficient,NA,D_Difficult,0,157,36
A0232,N296257,Non-mates,VID,Exclusion,NA,Minutiae,C_Medium,1,12,36
A2259,N296257,Non-mates,NV,NA,NA,NA,NA,0,69,36
A4308,N296257,Non-mates,VEO,Inconclusive,Overlap,NA,B_Easy,0,116,36
A5363,N296257,Non-mates,VID,Inconclusive,Close,NA,C_Medium,0,144,36
A4378,N296257,Non-mates,VEO,Inconclusive,Overlap,NA,C_Medium,0,119,36
A4387,N296257,Non-mates,VID,Inconclusive,Insufficient,NA,D_Difficult,0,120,36
A1393,N296257,Non-mates,VID,Exclusion,NA,Minutiae,C_Medium,1,47,36
A4396,N296257,Non-mates,VID,Inconclusive,Overlap,NA,C_Medium,0,121,36
A3485,N296257,Non-mates,VID,Inconclusive,Overlap,NA,C_Medium,0,99,36
A3055,N143447,Non-mates,VID,Exclusion,NA,Minutiae,B_Easy,1,82,26
A4128,N143447,Non-mates,VID,Exclusion,NA,Minutiae,B_Easy,1,106,26
A2135,N143447,Non-mates,VID,Exclusion,NA,Minutiae,D_Difficult,1,64,26
A0176,N143447,Non-mates,VID,Exclusion,NA,Minutiae,C_Medium,1,8,26
A1258,N143447,Non-mates,VID,Exclusion,NA,Minutiae,B_Easy,1,38,26
A1341,N143447,Non-mates,VID,Exclusion,NA,Minutiae,B_Easy,1,44,26
A4459,N143447,Non-mates,VID,Exclusion,NA,Minutiae,C_Medium,1,124,26
A2002,N143447,Non-mates,VID,Exclusion,NA,Minutiae,B_Easy,1,54,26
A6051,N143447,Non-mates,VID,Exclusion,NA,Minutiae,C_Medium,1,152,26
A1071,N143447,Non-mates,VID,Exclusion,NA,Minutiae,A_Obvious,1,28,26
A4099,N143447,Non-mates,VID,Exclusion,NA,Minutiae,B_Easy,1,104,26
A5131,N143447,Non-mates,VID,Exclusion,NA,Minutiae,C_Medium,1,133,26
A4137,N143447,Non-mates,VID,Exclusion,NA,Minutiae,C_Medium,1,107,26
A6141,N143447,Non-mates,VID,Exclusion,NA,Minutiae,B_Easy,1,154,26
A3145,N143447,Non-mates,VID,Exclusion,NA,Minutiae,C_Medium,1,88,26
A5147,N143447,Non-mates,VID,Inconclusive,Close,NA,C_Medium,0,134,26
A6166,N143447,Non-mates,VID,Exclusion,NA,Minutiae,A_Obvious,1,156,26
A1177,N143447,Non-mates,VID,Exclusion,NA,Minutiae,B_Easy,1,35,26
A4227,N143447,Non-mates,VID,Exclusion,NA,Minutiae,C_Medium,1,112,26
A6355,N143447,Non-mates,VID,Individualization,NA,NA,B_Easy,1,162,26
A1422,N143447,Non-mates,VID,Exclusion,NA,Minutiae,B_Easy,1,50,26
A3494,N143447,Non-mates,VID,Exclusion,NA,Minutiae,C_Medium,1,100,26
A3091,N191450,Non-mates,VID,Exclusion,NA,Minutiae,D_Difficult,1,84,27
A0151,N191450,Non-mates,VID,Exclusion,NA,Minutiae,D_Difficult,1,7,27
A1258,N191450,Non-mates,VEO,Inconclusive,Overlap,NA,C_Medium,0,38,27
A0284,N191450,Non-mates,VEO,Inconclusive,Overlap,NA,D_Difficult,0,14,27
A2295,N191450,Non-mates,VID,Individualization,NA,NA,D_Difficult,1,71,27
A1341,N191450,Non-mates,VEO,Inconclusive,Overlap,NA,C_Medium,0,44,27
A5417,N191450,Non-mates,VEO,Inconclusive,Overlap,NA,C_Medium,0,146,27
A3458,N191450,Non-mates,VID,Inconclusive,Overlap,NA,C_Medium,0,96,27
A6006,N191450,Non-mates,VID,Inconclusive,Overlap,NA,D_Difficult,0,151,27
A2020,N191450,Non-mates,VEO,Exclusion,NA,Minutiae,D_Difficult,1,56,27
A1035,N191450,Non-mates,VEO,Inconclusive,Close,NA,C_Medium,0,25,27
A0059,N191450,Non-mates,VEO,Inconclusive,Overlap,NA,C_Medium,0,3,27
A0115,N191450,Non-mates,VEO,Inconclusive,Overlap,NA,C_Medium,0,5,27
A0124,N191450,Non-mates,VEO,Exclusion,NA,Minutiae,E_VeryDifficult,1,6,27
A1161,N191450,Non-mates,VEO,Inconclusive,Overlap,NA,B_Easy,0,34,27
A3208,N191450,Non-mates,VEO,Inconclusive,Overlap,NA,C_Medium,0,91,27
A5212,N191450,Non-mates,VID,Exclusion,NA,Minutiae,D_Difficult,1,136,27
A1233,N191450,Non-mates,VID,Exclusion,NA,Minutiae,C_Medium,1,37,27
A4263,N191450,Non-mates,VEO,Inconclusive,Insufficient,NA,C_Medium,0,114,27
A6303,N191450,Non-mates,VID,Inconclusive,Overlap,NA,C_Medium,0,159,27
A2351,N191450,Non-mates,VID,Exclusion,NA,Minutiae,E_VeryDifficult,1,73,27
A6364,N191450,Non-mates,VID,Inconclusive,Overlap,NA,D_Difficult,0,163,27
A1440,N191450,Non-mates,VID,Exclusion,NA,Minutiae,C_Medium,1,52,27
A5453,N191450,Non-mates,VEO,Inconclusive,Insufficient,NA,C_Medium,0,147,27
A6463,N191450,Non-mates,VID,Inconclusive,Overlap,NA,D_Difficult,0,167,27
A2466,N191450,Non-mates,VID,Inconclusive,Overlap,NA,C_Medium,0,78,27
A3091,N240455,Non-mates,VID,Exclusion,NA,Minutiae,D_Difficult,1,84,29
A3102,N240455,Non-mates,VID,Inconclusive,Overlap,NA,D_Difficult,0,85,29
A1125,N240455,Non-mates,VID,Exclusion,NA,Minutiae,E_VeryDifficult,1,31,29
A5174,N240455,Non-mates,VID,Exclusion,NA,Minutiae,D_Difficult,1,135,29
A1260,N240455,Non-mates,VID,Exclusion,NA,Minutiae,D_Difficult,1,39,29
A3458,N240455,Non-mates,VID,Exclusion,NA,Minutiae,C_Medium,1,96,29
A5480,N240455,Non-mates,VID,Exclusion,NA,Minutiae,C_Medium,1,150,29
A2088,N240455,Non-mates,VID,Exclusion,NA,Minutiae,B_Easy,1,60,29
A2101,N240455,Non-mates,VID,Exclusion,NA,Minutiae,B_Easy,1,62,29
A6114,N240455,Non-mates,VID,Exclusion,NA,Minutiae,C_Medium,1,153,29
A4121,N240455,Non-mates,VEO,Inconclusive,Overlap,NA,C_Medium,0,105,29
A3179,N240455,Non-mates,VID,Inconclusive,Overlap,NA,C_Medium,0,90,29
A4198,N240455,Non-mates,VID,Exclusion,NA,Minutiae,D_Difficult,1,110,29
A1224,N240455,Non-mates,VID,Inconclusive,Overlap,NA,D_Difficult,0,36,29
A3226,N240455,Non-mates,VID,Exclusion,NA,Minutiae,E_VeryDifficult,1,92,29
A4362,N240455,Non-mates,VID,Exclusion,NA,Minutiae,C_Medium,1,118,29
A2394,N240455,Non-mates,VID,Exclusion,NA,Minutiae,C_Medium,1,76,29
A4416,N240455,Non-mates,VEO,Exclusion,NA,Minutiae,C_Medium,1,122,29
A1447,N240455,Non-mates,VID,Exclusion,NA,Minutiae,D_Difficult,1,53,29
A5469,N240455,Non-mates,VID,Exclusion,NA,Minutiae,C_Medium,1,148,29
A6488,N240455,Non-mates,VID,Inconclusive,Close,NA,D_Difficult,0,168,29
A0491,N240455,Non-mates,VID,Exclusion,NA,Minutiae,C_Medium,1,23,29
A5174,N337339,Non-mates,VID,Exclusion,NA,Minutiae,C_Medium,1,135,39
A0176,N337339,Non-mates,VID,Exclusion,NA,Minutiae,B_Easy,1,8,39
A1258,N337339,Non-mates,VEO,Inconclusive,Overlap,NA,C_Medium,0,38,39
A0383,N337339,Non-mates,VEO,Inconclusive,Overlap,NA,C_Medium,0,17,39
A3415,N337339,Non-mates,VID,Inconclusive,Close,NA,B_Easy,0,95,39
A0421,N337339,Non-mates,VID,Exclusion,NA,Minutiae,C_Medium,1,20,39
A2002,N337339,Non-mates,VID,Exclusion,NA,Minutiae,B_Easy,1,54,39
A6051,N337339,Non-mates,VID,Exclusion,NA,Pattern,C_Medium,1,152,39
A1071,N337339,Non-mates,VID,Exclusion,NA,Minutiae,B_Easy,1,28,39
A4099,N337339,Non-mates,VID,Exclusion,NA,Minutiae,B_Easy,1,104,39
A5131,N337339,Non-mates,VEO,Exclusion,NA,Pattern,C_Medium,1,133,39
A4137,N337339,Non-mates,VID,Exclusion,NA,Minutiae,C_Medium,1,107,39
A6141,N337339,Non-mates,VID,Exclusion,NA,Minutiae,D_Difficult,1,154,39
A3145,N337339,Non-mates,VID,Exclusion,NA,Minutiae,C_Medium,1,88,39
A5147,N337339,Non-mates,VEO,Inconclusive,Close,NA,B_Easy,0,134,39
A6166,N337339,Non-mates,VID,Exclusion,NA,Minutiae,B_Easy,1,156,39
A1177,N337339,Non-mates,VID,Exclusion,NA,Minutiae,D_Difficult,1,35,39
A4227,N337339,Non-mates,VEO,Exclusion,NA,Pattern,D_Difficult,1,112,39
A6355,N337339,Non-mates,VID,Exclusion,NA,Minutiae,D_Difficult,1,162,39
A1422,N337339,Non-mates,VID,Exclusion,NA,Minutiae,C_Medium,1,50,39
A3494,N337339,Non-mates,VID,Exclusion,NA,Minutiae,C_Medium,1,100,39
